{
  "data_mode": "synthetic",
  "model_type": "ConditionalFlowModel",
  "epochs": 100,
  "n_train": 4800,
  "n_val": 1200,
  "best_val_nll": -113.36543755782277,
  "best_val_loss": -119.31679695530941
}